{"cameraMode":{"drawMode":0,"name":"Shaded","section":"Shading Mode"},"sceneLighting":false,"audioPlay":false,"sceneViewState":{"showFog":true,"showMaterialUpdate":false,"showSkybox":true,"showFlares":true,"showImageEffects":true,"showParticleSystems":true},"in2DMode":false,"pivot":{"x":1.695836067199707,"y":-2.7983129024505617,"z":3.8899002075195314},"rotation":{"x":-0.08227436244487763,"y":0.9168199896812439,"z":-0.25404268503189089,"w":-0.296921044588089},"size":50.313289642333987,"orthographic":false}