{"cameraMode":{"drawMode":0,"name":"Shaded","section":"Shading Mode"},"sceneLighting":false,"audioPlay":false,"sceneViewState":{"showFog":true,"showMaterialUpdate":false,"showSkybox":true,"showFlares":true,"showImageEffects":true,"showParticleSystems":true},"in2DMode":false,"pivot":{"x":5.9710845947265629,"y":-2.4283695220947267,"z":9.447500228881836},"rotation":{"x":-0.1391441822052002,"y":0.8154978156089783,"z":-0.2193945050239563,"w":-0.5172026753425598},"size":50.313289642333987,"orthographic":false}